{
  "theme_trends": {
    "Defense_Security": {
      "total_papers": 83,
      "growth_rate": 0.2758597883597883,
      "quarterly_counts": {
        "2020Q1": 6,
        "2020Q2": 5,
        "2020Q3": 7,
        "2020Q4": 6,
        "2021Q1": 10,
        "2021Q2": 3,
        "2021Q3": 2,
        "2021Q4": 5,
        "2022Q1": 3,
        "2022Q2": 4,
        "2022Q3": 3,
        "2022Q4": 3,
        "2023Q1": 8,
        "2023Q2": 5,
        "2023Q3": 3,
        "2023Q4": 1,
        "2024Q1": 6,
        "2024Q2": 2,
        "2024Q3": 1
      },
      "top_topics": {
        "10": 19,
        "6": 17,
        "12": 10,
        "-1": 9,
        "2": 6
      },
      "universities": {
        "Monash University": 9,
        "University of Tasmania": 9,
        "Deakin University": 7,
        "Australian National University": 7,
        "University of Otago": 4
      }
    },
    "Autonomous_Systems": {
      "total_papers": 25,
      "growth_rate": 0.6395833333333334,
      "quarterly_counts": {
        "2020Q1": 2,
        "2020Q2": 6,
        "2020Q3": 4,
        "2020Q4": 1,
        "2021Q1": 5,
        "2021Q2": 1,
        "2022Q1": 2,
        "2022Q2": 2,
        "2023Q1": 2
      },
      "top_topics": {
        "10": 7,
        "-1": 7,
        "1": 4,
        "9": 3,
        "0": 1
      },
      "universities": {
        "Deakin University": 3,
        "Torrens University Australia": 2,
        "Flinders University": 2,
        "Monash University": 2,
        "Griffith University": 2
      }
    },
    "Cybersecurity": {
      "total_papers": 118,
      "growth_rate": -0.09643317695949276,
      "quarterly_counts": {
        "2020Q1": 18,
        "2020Q2": 19,
        "2020Q3": 13,
        "2020Q4": 9,
        "2021Q1": 15,
        "2021Q2": 6,
        "2021Q3": 7,
        "2021Q4": 7,
        "2022Q1": 4,
        "2022Q2": 4,
        "2022Q3": 4,
        "2022Q4": 3,
        "2023Q1": 5,
        "2023Q3": 2,
        "2024Q3": 1,
        "2024Q4": 1
      },
      "top_topics": {
        "-1": 25,
        "10": 21,
        "11": 14,
        "4": 10,
        "7": 7
      },
      "universities": {
        "Monash University": 19,
        "University of Technology Sydney": 9,
        "Macquarie University": 8,
        "Curtin University": 8,
        "Griffith University": 7
      }
    },
    "Energy_Sustainability": {
      "total_papers": 156,
      "growth_rate": -0.04414482307767911,
      "quarterly_counts": {
        "2020Q1": 27,
        "2020Q2": 21,
        "2020Q3": 9,
        "2020Q4": 19,
        "2021Q1": 17,
        "2021Q2": 8,
        "2021Q3": 13,
        "2021Q4": 10,
        "2022Q1": 8,
        "2022Q2": 6,
        "2022Q3": 2,
        "2022Q4": 3,
        "2023Q1": 6,
        "2023Q2": 2,
        "2023Q3": 2,
        "2023Q4": 2,
        "2024Q1": 1
      },
      "top_topics": {
        "3": 42,
        "6": 34,
        "5": 31,
        "-1": 24,
        "9": 15
      },
      "universities": {
        "University of Technology Sydney": 16,
        "University of Tasmania": 14,
        "Australian National University": 12,
        "Monash University": 12,
        "Griffith University": 10
      }
    },
    "Advanced_Manufacturing": {
      "total_papers": 182,
      "growth_rate": 0.3899197990284841,
      "quarterly_counts": {
        "2020Q1": 13,
        "2020Q2": 9,
        "2020Q3": 9,
        "2020Q4": 7,
        "2021Q1": 12,
        "2021Q2": 10,
        "2021Q3": 10,
        "2021Q4": 7,
        "2022Q1": 13,
        "2022Q2": 17,
        "2022Q3": 7,
        "2022Q4": 11,
        "2023Q1": 11,
        "2023Q2": 9,
        "2023Q3": 6,
        "2023Q4": 2,
        "2024Q1": 19,
        "2024Q2": 3,
        "2024Q3": 5,
        "2024Q4": 2
      },
      "top_topics": {
        "-1": 32,
        "1": 28,
        "14": 25,
        "0": 25,
        "2": 12
      },
      "universities": {
        "Griffith University": 16,
        "University of Technology Sydney": 15,
        "Deakin University": 14,
        "Swinburne University of Technology": 13,
        "Australian National University": 12
      }
    },
    "AI_Machine_Learning": {
      "total_papers": 251,
      "growth_rate": -0.07584846114257879,
      "quarterly_counts": {
        "2020Q1": 34,
        "2020Q2": 37,
        "2020Q3": 35,
        "2020Q4": 21,
        "2021Q1": 21,
        "2021Q2": 21,
        "2021Q3": 11,
        "2021Q4": 10,
        "2022Q1": 17,
        "2022Q2": 8,
        "2022Q3": 6,
        "2022Q4": 5,
        "2023Q1": 7,
        "2023Q2": 9,
        "2023Q3": 5,
        "2024Q1": 4
      },
      "top_topics": {
        "1": 128,
        "-1": 38,
        "4": 24,
        "0": 13,
        "3": 10
      },
      "universities": {
        "Monash University": 33,
        "University of Technology Sydney": 32,
        "Australian National University": 21,
        "Deakin University": 20,
        "University of Auckland": 18
      }
    },
    "Marine_Naval": {
      "total_papers": 43,
      "growth_rate": 0.08181818181818182,
      "quarterly_counts": {
        "2020Q1": 8,
        "2020Q2": 10,
        "2020Q3": 5,
        "2020Q4": 5,
        "2021Q1": 2,
        "2021Q2": 2,
        "2021Q3": 1,
        "2022Q1": 2,
        "2022Q2": 4,
        "2022Q4": 1,
        "2023Q1": 1,
        "2023Q2": 2
      },
      "top_topics": {
        "10": 8,
        "6": 7,
        "-1": 5,
        "3": 4,
        "1": 4
      },
      "universities": {
        "Monash University": 5,
        "Deakin University": 4,
        "Lincoln University": 3,
        "Swinburne University of Technology": 3,
        "Griffith University": 3
      }
    },
    "Space_Aerospace": {
      "total_papers": 86,
      "growth_rate": 0.7772875816993464,
      "quarterly_counts": {
        "2020Q1": 5,
        "2020Q2": 4,
        "2020Q3": 2,
        "2020Q4": 1,
        "2021Q1": 8,
        "2021Q2": 3,
        "2021Q3": 4,
        "2021Q4": 1,
        "2022Q1": 5,
        "2022Q2": 7,
        "2022Q3": 5,
        "2022Q4": 3,
        "2023Q1": 9,
        "2023Q2": 5,
        "2023Q3": 7,
        "2023Q4": 2,
        "2024Q1": 10,
        "2024Q2": 5
      },
      "top_topics": {
        "1": 17,
        "-1": 16,
        "8": 10,
        "6": 9,
        "9": 8
      },
      "universities": {
        "Monash University": 9,
        "University of Auckland": 6,
        "Queensland University of Technology": 6,
        "Curtin University": 6,
        "Griffith University": 6
      }
    },
    "Digital_Transformation": {
      "total_papers": 42,
      "growth_rate": -0.07597402597402597,
      "quarterly_counts": {
        "2020Q1": 5,
        "2020Q2": 3,
        "2020Q3": 4,
        "2020Q4": 7,
        "2021Q1": 5,
        "2021Q2": 3,
        "2021Q3": 3,
        "2021Q4": 3,
        "2022Q1": 3,
        "2022Q2": 3,
        "2022Q3": 2,
        "2023Q1": 1
      },
      "top_topics": {
        "1": 11,
        "3": 8,
        "-1": 7,
        "2": 3,
        "11": 3
      },
      "universities": {
        "Monash University": 7,
        "University of Technology Sydney": 6,
        "University of Auckland": 4,
        "University of Wollongong": 4,
        "Swinburne University of Technology": 3
      }
    }
  },
  "emerging_topics": [
    {
      "topic_id": 14,
      "theme": "Defense_Security",
      "growth_rate": 3.0,
      "keywords": [
        "firms",
        "innovation",
        "green",
        "firm",
        "performance",
        "corporate",
        "industry",
        "business",
        "sustainable",
        "findings"
      ],
      "recent_count": 4,
      "previous_count": 1
    },
    {
      "topic_id": 0,
      "theme": "Energy_Sustainability",
      "growth_rate": 2.0,
      "keywords": [
        "control",
        "optimization",
        "proposed",
        "energy",
        "algorithm",
        "grid",
        "electricity",
        "power",
        "pso",
        "inertia"
      ],
      "recent_count": 3,